ZV11 QQD,133369
NK34 KVI,213907
MR51 CYN,262147
CO21 DVS,235422
NVWN LDM,157341
XF71 EHB,109979
IA61 LJK,182816
RI63 VEH,183087
CC04 BSK,234959
UIPS GMS,281022
JCSR Z9N,223126
UZ32 TWD,223386
YVDO 3FU,137222
CO00 RYL,169663
FNM6 0PG,139783
GT04 BEJ,210850
IE05 SRK,184483
KVV5 58B,175564
L89S IZM,192474
WT83 ZCG,265835
HU61 HCI,167153
IVTO OA7,219011
JP56 WZQ,284611
AB03 FSZ,220758
UMZB KPP,281841
Z1KV R6X,282038
TD35 BTS,123778
3GZY 2N0,176965
PK68 XQN,134921
BC37 UBT,236288
7NVY BX4,258848
CP84 DVQ,275422
IF27 RAA,120263
VR17 QXX,160471
PF52 QIB,268407
LZ25 MBA,281345
RR98 BDU,241530
YT12 WOD,197013
HC13 OZW,145730
NV77 LFS,218202
OBOS 4W1,282836
77SF 2UR,185884
CM09 MDR,232425
OF84 ZMG,198389
LM90 ACJ,227687
WY03 YCW,158665
7BQ3 SWJ,117794
MS32 PRK,112614
NQ24 HMA,242898
WR25 BOD,178074
6T87 4W0,252325
1BG7 JUH,258935
KB36 HZE,237376
VZ45 NUI,114251
D3GK NGF,199029
GB81 SCL,116400
BJ86 GYB,186898
KI32 DSJ,117306
VOPE 4KW,178792
WA65 HTT,247475
QE59 ZJQ,147362
MY09 IZT,216721
WS95 LPP,259770
NT03 FNA,211069
QS51 TMH,250428
DRLP Z8S,130108
IH61 UOW,278675
0KX7 DBX,216773
DZ1B UDL,158630
VUJV HXO,255897
XW24 GNC,257735
UB47 CMS,217516
JN9H T0H,134860
KK38 GJS,185024
AC70 VGO,281959
YH62 SDD,111582
4GVC QKI,153767
KR96 MUV,153740
SS19 AKW,190226
OA10 GUE,184966
BRZ3 C57,268131
GI85 MWD,176290
CX72 JLG,222228
MX18 OJT,247117
XLLG 52G,260116
QC71 JDG,148132
LM36 AAN,285529
VV67 ARF,285352
RR94 XIC,265537
R0R6 Z60,188296
MD30 JAR,242552
FJ14 GJX,207475
UH24 IAO,187917
SB52 JSF,271939
GL94 KKX,188091
MD29 ZOV,259360
XL00 SVI,220105
EKNT JC9,114262
DO20 ZTG,165883
LO10 XTW,286158
