NO64 AQC,158823
SV40 EJQ,270491
4J21 JFP,257378
GE5T 0YB,203304
PS39 GXB,144908
MMH8 S9X,177518
WL14 RPP,243114
MQ72 IKS,171505
BZ17 IND,109915
VZ48 CJS,144068
MIV3 7C7,182744
Z5IW M7V,281294
XK07 DHE,269888
6FGE IKX,139697
TN46 UAD,247925
I6MT 6G7,220470
OU99 SAY,161901
RG55 ICK,233140
JQ97 GCN,130238
EY37 BLZ,274761
CF59 XPL,152052
ZZ69 RTK,249364
ZF95 YYQ,109101
DH1X LLX,146228
NQ36 QYC,233916
9EXI J76,187102
BP44 XAB,199801
OG73 JKQ,219441
QR87 CCW,203802
HZ07 CNU,172491
AQ47 ZFS,127729
QI10 LSC,231564
GD26 AII,130304
ML10 QTD,125629
QS03 JQY,221611
MF85 RIK,202407
DJ42 LLH,256885
AW73 KCN,166071
HD47 YCW,268970
ZR32 ZBG,246190
WV21 APZ,177585
WN85 BPQ,192987
OQ48 RGW,239204
QE19 FZO,214605
CP16 LYE,261153
NM57 UJK,114096
CN59 ZEG,133463
EY40 XST,127685
EO41 XVJ,245243
MZ38 KKP,144021
VPNP MUT,173247
HU61 XCU,244918
HS98 SRV,258163
HJ72 CRP,160752
IL84 KTY,159392
EO96 ZEH,173879
IS94 BXF,266012
GK10 LJD,132273
OR00 QEP,262677
AZ83 DFX,132250
TY51 QJM,277667
NL47 KLF,241118
WBRF TXY,204050
RL21 SKG,221772
UO73 NVU,287450
TD42 OSF,114475
IF64 DFR,236647
5DCM KNV,120802
RBVJ SM9,157150
76VE U26,198686
OA83 FRT,217382
MZ28 RGE,199607
QMBD HKS,151648
BP77 UKA,276722
BM09 RYF,234980
TQ72 FMY,171512
JT35 CDX,280540
QX94 LBW,228339
TZ13 SKZ,161046
BX68 HUP,241107
QTLL 34Y,194642
CO65 FVN,152678
PC30 IUU,255860
TT84 YJM,268403
72GR EFJ,278738
PP72 MEB,260627
WY56 YBX,182919
2XL6 0D5,173548
T087 V9G,206580
GZ04 TNN,181304
6D97 KHU,199514
FW93 WAV,258383
LS7H MFG,190213
KKB2 RIP,131648
GT34 INY,196871
JN96 VOI,227550
VV37 OZW,115283
LK84 QRC,149997
ED90 NZO,220946
HLBK LP2,163342
